,accuracy,precision,recall,f1,roc_auc
Random Forest,0.716,0.3194192377495463,0.47696476964769646,0.3826086956521739,0.6905202221856676
XGBoost,0.802,0.43414634146341463,0.24119241192411925,0.31010452961672474,0.6877653325889482
Logistic Regression,0.6915,0.3050314465408805,0.5257452574525745,0.38606965174129354,0.6814646441988638
